smiles,label
CC(C)=CCCC(C)=CC=O,-2.06
C=CCCC,-2.68
CCCCCCCCCCCCCC,-7.96
CC(C)Cl,-1.41
CCC(C)CO,-0.47
CCCCCCCCCC(C)O,-2.94
CCOP(=S)(OCC)SCSCC,-4.11
CCCCCCCO,-1.81
CCCCCCCC(=O)OC,-3.17
CCOP(=S)(OCC)SCSC(C)(C)C,-4.755
C=C(Cl)Cl,-1.64
CCCCC=O,-0.85
CCCCCCCI,-4.81
C=CCCCO,-0.15
CC(C)OC=O,-0.63
CCCCCC(C)O,-1.55
C#CCCCCCC,-3.66
CC(C)CCC(C)(C)C,-5.05
CCCC(C)=O,-0.19
CCCOC(=O)CC,-0.82
CCC(Br)(CC)C(=O)NC(N)=O,-2.68
CCCCC(=O)OCC,-2.25
CC(=O)OCCC(C)C,-1.92
CCCBr,-1.73
COP(=S)(OC)SCC(=O)N(C)C=O,-1.995
NC(N)=S,0.32
ClC(Cl)(Cl)C(Cl)(Cl)Cl,-3.67
CCC[N+](=O)[O-],-0.8
CCCOC(C)C,-1.34
ClCCl,-0.63
COC=O,0.58
CC(C)C,-2.55
CCCCC,-3.18
C=C(C)CCC,-3.03
CC(C)C(C)C(C)C,-4.8
C=CCCCCCCCC,-5.51
CC(=O)OCC(COC(C)=O)OC(C)=O,-0.6
CCCCCCCBr,-4.43
CCOC(=O)CC(=O)OCC,-0.82
C/C=C/CC,-2.54
ClC=C(Cl)Cl,-1.96
CO,1.57
CCC(C)=O,0.52
CCCCCCO,-1.24
CCCCCCl,-2.73
C=CC=C,-1.87
CCCOC(C)=O,-0.72
NC(=O)CCl,-0.02
CCCCCC=O,-1.3
CC(C)=CCC/C(C)=C\CO,-2.46
CC[N+](=O)[O-],-0.22
CCCC(C)(COC(N)=O)COC(N)=O,-1.807
CI,-1.0
CCCCC(=O)CCCC,-2.58
CCC(C)CC,-3.68
N#CCCl,-0.092
CCCCCCCCC(=O)OCC,-3.8
CCC(C)Cl,-1.96
C#CCCCC,-2.36
C#CCCCCCCC,-4.24
CC(C)OC(C)C,-1.1
CNN,1.34
C#CC,-0.41
CCNP(=S)(OC)OC(C)=CC(=O)OC(C)C,-3.408
C=CC=O,0.57
CCCCl,-1.47
CCOC(C)=O,-0.04
CCCC(C)(C)C,-4.36
CCCCOC(=O)CCCCCCCCC(=O)OCCCC,-3.896
C=CC(=C)C,-2.03
C=CC(C)(O)CCC=C(C)C,-1.99
OCC(O)C(O)C(O)C(O)CO,0.06
CCCC(=O)CCC,-1.3
CC(=O)C(C)(C)C,-0.72
N#CC(Cl)(Cl)Cl,-2.168
CCCCCCCCC(C)=O,-3.3
CSC,-0.45
CCOC(N)=O,0.85
CC(C)C(O)C(C)C,-1.22
CCCCBr,-2.37
CC(=O)CC(C)C,-0.74
OCC(O)C(O)C(O)C(O)CO,1.09
CCS,-0.6
ClCC(Cl)Cl,-1.48
CCCCCCCCl,-4.0
ClC(Cl)C(Cl)Cl,-1.74
CCN(CC)C(=O)C(Cl)=CCOP(=O)(OC)OC,0.523
CCCCCCCl,-3.12
CCCCCCCCCCCCCCCCCCCCCCCCCC,-8.334
CC(Cl)Cl,-1.29
ClC(Cl)(Cl)Cl,-2.31
COC(C)(C)C,-0.24
CCCCCCCCCCCCCCCCO,-7.0
CCC(C)(C)CO,-1.04
CCCOC(=O)CCC,-1.75
CCCOC=O,-0.49
CC(C)CC(C)C,-4.26
CCCCCCCCCC(=O)OCC,-4.1
CCCOCC,-0.66
CC(C)O,0.43
ClC(Br)Br,-1.9
CCOC(=O)CC(SP(=S)(OC)OC)C(=O)OCC,-3.37
C/C=C/C=O,0.32
CCCCCC(=O)OC,-1.87
CCC(=O)OC,-0.14
CCCC(=O)OC,-1.92
CCCCCC(=O)OCC,-2.35
C=CCCCCCC,-4.44
CCCC(O)CC,-0.8
CCCCCCCC(C)O,-2.74
CCCC(=O)CC,-0.83
ClCBr,-0.89
CCN(CC)C(=S)SSC(=S)N(CC)CC,-4.86
CCCCCCCCO,-2.39
CCSCC,-1.34
ClCCCl,-1.06
CCC(C)(C)Cl,-2.51
ClCCBr,-1.32
C=CCCCCCCC,-5.05
CCC(C)(O)CC,-0.36
CCCCC(C)O,-0.89
CCCCCO,-0.6
N#CCCCl,-0.29
CC(C)C(C)O,-0.18
CCCCCCCCCC(=O)OC,-4.69
CC(C)CBr,-2.43
CCI,-1.6
CCCCCCBr,-3.81
CCCC(C)C,-3.74
BrC(Br)Br,-1.91
COP(=O)(OC)C(O)C(Cl)(Cl)Cl,-0.22
CC(C)Br,-1.59
CC(C)CC(C)(C)C,-4.74
CCC,-1.94
C=COCC,-0.85
C#CCC,-1.24
CCCCC(C)(O)CC,-1.6
CC#N,0.26
ClCC(Cl)(Cl)Cl,-2.18
CCCCO,0.0
CC(C)CCO,-0.51
C=C(C)C,-2.33
C=C(C)C(=C)C,-2.4
CCCI,-2.29
CCCO,0.62
CCCC(C)O,-0.29
ClC(Cl)=C(Cl)C(Cl)=C(Cl)Cl,-4.92
CCC(C)CCO,-0.71
CCCCI,-2.96
CCCCCCCC(=O)OCC,-3.39
CCSSCC,-2.42
CCOCCOCC,-0.77
C=CCCCCC,-3.73
CCCCN(CC)C(=O)SCCC,-3.53
CCCCOC=O,-1.37
ClC(Cl)Br,-1.54
CBr,-0.79
C=CC(C)C,-2.73
CC,-1.36
CC(N)=O,1.58
CC(O)C(C)(C)C,-0.62
CCCC(=O)OCC,-1.36
CCCCCCCCCO,-3.01
BrCBr,-1.17
CCSC(=O)N(CC(C)C)CC(C)C,-3.68
O=[N+]([O-])OCC(CO[N+](=O)[O-])O[N+](=O)[O-],-2.22
CCCCCl,-2.03
CCNC(=S)NCC,-1.46
CCCCC(=O)OC,-1.34
CCCCCOC(=O)CC,-1.28
CCBr,-1.09
CCC#CCC,-1.99
C=C(C)CC,-2.73
CCOC(C)OCC,-0.43
CCCCOCCO,-0.42
ClCCCCl,-1.62
CC(C)C(C)C,-3.65
C=CCC,-1.94
FC(F)(Cl)C(F)(Cl)Cl,-3.04
CCC#N,0.28
OCC(O)CO,1.12
CCCCOC,-0.99
CC(=O)N(C)C,1.11
C=C,-0.4
CC(C)(C)CCO,-0.5
CC(C)SC(C)C,-2.24
CCOP(=S)(OCC)SCSP(=S)(OCC)OCC,-5.54
CCCC(C)(C)CO,-1.52
CCCOC,-0.39
CC(=O)OC(C)C,-0.55
C=CCl,-1.75
BrC(Br)(Br)Br,-3.14
CCCCCCCCC,-5.88
CCCCCC(C)C,-5.08
CCC(O)C(C)C,-0.7
CCCCCCC,-4.53
CCCCCC(C)=O,-1.45
COP(=O)(NC(C)=O)SC,0.54
CCCCSP(=O)(SCCCC)SCCCC,-5.14
CC=C(C)C,-2.56
CCCC(C)(O)CC,-0.98
CCCCCCCC,-5.24
CCC=O,0.58
ClC(Cl)Cl,-1.17
CCCCC(C=O)CC,-2.13
CCC(C=O)CC,-1.52
CCCOCCC,-1.62
CCCCCCCCCCCCCCO,-5.84
NC(N)=O,0.96
C#CCCC,-1.64
CCCCCCCCCCCCCCCCCCO,-8.4
CC(C)CCOC=O,-1.52
CCOP(=O)(OCC)OCC,0.43
CC(C)[N+](=O)[O-],-0.62
OCC(O)C(O)CO,0.7
CNC(=O)C=C(C)OP(=O)(OC)OC,0.6509999999999999
CCC(C)C(C)C,-4.28
C#CCCCCC,-3.01
CC(C)CCl,-2.0
CCCCCCCCCCCC(=O)OC,-4.69
CCCSCCC,-2.58
CCCCCBr,-3.08
C/C=C/CCCC,-3.82
CC(Cl)(Cl)Cl,-2.0
CCOCC,-0.09
COCOC,0.48
CCC(C)O,0.47
C=CCSS(=O)CC=C,-0.83
CC(C)COC=O,-1.01
CCCCCC,-3.84
COP(=O)(OC)OC(Br)C(Cl)(Cl)Br,-2.28
CC(C)CC(C)(C)O,-0.92
CCC(C)(C)C,-3.55
C=CCC=C,-2.09
CCCCCC(O)CC,-1.98
CCCC(C)CO,-1.11
CCCCC(C)(C)O,-1.08
COC(C)(C)CCCC(C)CC=CC(C)=CC(=O)OC(C)C,-5.19
CCOC(=O)CC,-0.66
N#CN=C(N)N,-0.31
O=[N+]([O-])C(Cl)(Cl)Cl,-2.0
CCCCCCC(=O)OCC,-2.74
COC(C)=O,0.46
C=CC(O)CCC,-0.59
CCCCOCCCC,-1.85
CCCCCCCCCCCCO,-4.8
CCCC(C)(C)O,-0.49
CCCCCC(C)(C)O,-1.72
C,-0.9
CCC(C)C(C)=O,-0.67
C[N+](=O)[O-],0.26
CC(C)N(C(=O)SCC(Cl)=C(Cl)Cl)C(C)C,-4.88
C=CCCC=C,-2.68
C=CCCCC,-3.23
CCCCCCCC(C)=O,-2.58
C#C,0.29
CCOC(=O)N(C)C(=O)CSP(=S)(OCC)OCC,-2.518
CC(Cl)CCl,-1.6
CCCC=C(C=O)CC,-2.46
CCOP(=S)(OCC)SCCSCC,-4.23
CCCCCCCCCCCCCCCO,-6.35
CC(C)I,-2.09
CC(=O)C(C)C,-0.12
CCCCCCCCCCCCCCCC,-8.4
CCCCCCC(C)=O,-2.05
CCCCCCCCC(=O)OC,-3.38
CCO,1.1
CCCCCCCCBr,-5.06
CCC(O)CC,-0.24
CC(C)CCCO,-1.14
CCC(C)(C)O,0.15
CCOC=O,0.15
CCCCS,-2.18
ClC(Cl)=C(Cl)Cl,-2.54
CCC(=O)CC,-0.28
C=CC#N,0.15
CCCCC(C)=O,-0.8
CCCCC(C)CC,-5.16
BrCCBr,-1.68
C=CC(=O)OC,-0.22
CCC(O)(CC)CC,-0.85
CC(C)C(=O)C(C)C,-1.3
CSSC,-1.44
CCCCC(O)CC,-1.47
CCCCC(CC)CO,-2.11
CC(C)N(C(=O)SCC(Cl)=CCl)C(C)C,-4.2860000000000005
CN(C)C(=S)SSC(=S)N(C)C,-3.9
CCCCCCCCCCO,-3.63
CCC(C)(C)CC,-4.23
CNC(=O)C(C)SCCSP(=O)(OC)OC,1.144
CCCC=O,-0.01
CCCC,-2.57
ClC(Cl)C(Cl)(Cl)Cl,-2.6
CC(C)CO,0.1
ICI,-2.34
CCCC(O)CCC,-1.4
CCCCCOC(C)=O,-1.89
FC(F)(Cl)C(F)(F)Cl,-2.74
CC=CC=O,0.32
CN(C)C(=O)N(C)C,0.94
C=C(Cl)CSC(=S)N(CC)CC,-3.39
CCCl,-1.06
C/C=C\CC,-2.54
CNC(=O)ON=C(CSC)C(C)(C)C,-1.62
CCCCCCCCCCCCCCCCCCCC,-8.172
CCC(CC)CO,-1.17
Cl/C=C\Cl,-1.3
CC(C)CC(C)O,-0.8
CC(C)(C)CO,-0.4
C=CC,-1.08
CCCCCCC(C)O,-2.09
CC(=O)OCC(C)C,-1.21
CC(C)C(C)(C)C,-4.36
FC(F)(F)C(Cl)Br,-1.71
CNC(=O)ON=C(SC)C(=O)N(C)C,0.106
CCSCCSP(=S)(OC)OC,-3.091
CCC(C)C,-3.18
N#Cc1ccccc1,-1.0
CCOc1ccc(NC(C)=O)cc1,-2.35
CCN(CC)c1c([N+](=O)[O-])cc(C(F)(F)F)c(N)c1[N+](=O)[O-],-5.47
CCc1ccc(CC)cc1,-3.75
CN(C)C(=O)SCCCCOc1ccccc1,-3.927
CC(=O)Nc1ccc(Br)cc1,-3.083
Cc1ccccc1O,-0.62
Nc1ccc(O)cc1,-0.8
Cc1ccc(C)cc1,-2.77
CCc1ccccc1CC,-3.28
O=[N+]([O-])c1cccc(Cl)c1Cl,-3.48
N#Cc1c(Cl)c(Cl)c(Cl)c(C#N)c1Cl,-5.64
CC(C)c1ccccc1,-3.27
O=[N+]([O-])c1ccccc1O,-1.74
N#Cc1cc(I)c(O)c(I)c1,-3.61
Oc1ccccc1,0.0
COP(=S)(OC)SCC(=O)N(c1ccc(Cl)cc1)C(C)C,-4.432
CCCCCCc1ccccc1,-5.21
Clc1cc(Cl)c(Cl)c(Cl)c1Cl,-5.65
O=[N+]([O-])c1cccc(O)c1,-1.01
CCSCc1ccccc1OC(=O)NC,-2.09
CC(C)(C)c1ccc(O)cc1,-2.41
Clc1cccc(I)c1,-3.55
Cc1cccc(C)c1,-2.82
Oc1cccc(O)c1,0.81
COP(=S)(OC)Oc1cc(Cl)c(I)cc1Cl,-6.62
Cc1ccc(Cl)cc1,-3.08
CCCCOC(=O)c1ccc(N)cc1,-3.082
C=C(C)CN(CC)c1c([N+](=O)[O-])cc(C(F)(F)F)cc1[N+](=O)[O-],-6.124
Clc1ccc(Cl)c(Cl)c1Cl,-4.57
CCOP(=S)(CC)Oc1cc(Cl)c(Cl)cc1Cl,-5.752000000000001
Clc1cc(Cl)c(Cl)c(Cl)c1,-4.63
Nc1ccccc1O,-0.72
COCC(=O)N(c1c(C)cccc1C)C(C)C(=O)OC,-1.601
CNC(=O)Oc1ccccc1OC(C)C,-2.05
Cc1ccccc1Cl,-3.52
CCOP(=S)(OCC)ON=C(C#N)c1ccccc1,-4.862
Fc1ccccc1,-1.8
Cc1cc(C)c(C)c(C)c1C,-4.0
CCOP(=S)(OCC)SCSc1ccc(Cl)cc1,-5.736000000000001
Cc1ccc([N+](=O)[O-])cc1[N+](=O)[O-],-2.82
CNC(=O)Oc1cccc(N=CN(C)C)c1,-2.34
COP(=S)(OC)Oc1ccc(SC)c(C)c1,-4.57
NC(=S)Nc1ccccc1,-1.77
Oc1ccc(Cl)cc1,-0.7
Cc1cccc(N)c1,-0.85
CCOC(=O)c1ccc(N)cc1,-2.616
Clc1ccc(Cl)c(Cl)c1,-3.59
Oc1ccccc1O,0.62
Cc1ccccc1Br,-2.23
CCNc1ccccc1,-1.7
CN(C)C(=O)Nc1ccc(Cl)cc1,-2.89
Brc1cc(Br)c(Br)cc1Br,-6.98
COc1ccc(Cl)cc1,-2.78
COP(=S)(OC)Oc1ccc([N+](=O)[O-])c(C)c1,-4.04
NC(=O)c1ccccc1O,-1.82
Cc1ccccc1[N+](=O)[O-],-2.33
CCc1ccccc1C,-3.21
CCCCOC(=O)c1ccccc1C(=O)OCCCC,-4.4
COc1c(O)c(Cl)c(Cl)c(Cl)c1Cl,-4.02
COc1ccc([N+](=O)[O-])cc1,-2.41
Nc1ccc(S(N)(=O)=O)cc1,-1.34
CCCN(CCC)c1c([N+](=O)[O-])cc(C(C)C)cc1[N+](=O)[O-],-6.49
CCOP(=S)(NC(C)C)Oc1ccccc1C(=O)OC(C)C,-4.194
Clc1cccc(Cl)c1Cl,-4.0
O=[N+]([O-])c1ccc(Cl)c(Cl)c1,-3.2
CCOc1ccc(NC(N)=O)cc1,-2.17
CC=Cc1ccc(OC)cc1,-3.13
CC(C)c1ccc(NC(=O)N(C)C)cc1,-3.536
Cc1c([N+](=O)[O-])cc([N+](=O)[O-])cc1[N+](=O)[O-],-3.22
CC(C)OP(=S)(OC(C)C)SCCNS(=O)(=O)c1ccccc1,-4.2
Cc1ccccc1C(C)C,-3.76
Nc1cccc(Cl)c1,-1.37
CN(C)C(=O)Nc1cccc(C(F)(F)F)c1,-3.43
Cc1cccc(O)c1,-0.68
O=[N+]([O-])c1ccc([N+](=O)[O-])cc1,-3.39
CN(C)C(=O)Nc1ccccc1,-1.6
ClCc1ccccc1,-2.39
CON(C)C(=O)Nc1ccc(Br)c(Cl)c1,-3.924
CC(=O)Nc1ccc(F)cc1,-1.78
CCc1cccc(CC)c1N(COC)C(=O)CCl,-3.26
O=[N+]([O-])c1ccc(Cl)cc1,-2.92
O=[N+]([O-])c1ccccc1Cl,-2.55
CCCCN(C)C(=O)Nc1ccc(Cl)c(Cl)c1,-4.77
O=[N+]([O-])c1ccccc1,-1.8
Ic1ccccc1,-3.01
COc1ccccc1OCC(O)COC(N)=O,-0.985
CCCCOCN(C(=O)CCl)c1c(CC)cccc1CC,-4.19
Oc1cccc(Cl)c1Cl,-1.3
CCC(=O)Nc1ccc(Cl)c(Cl)c1,-3.0
Cc1ccc(N)cc1,-1.21
CNC(=O)Oc1ccccc1,-1.803
Cc1cccc(C)c1C,-3.2
CNC(=O)Oc1ccc(N(C)C)c(C)c1,-2.36
N#Cc1cc(Br)c(O)c(Br)c1,-3.33
Oc1c(Cl)c(Cl)c(Cl)c(Cl)c1Cl,-4.28
NC(=O)NCc1ccccc1,-0.95
Cc1ccc(NC(=O)N(C)C)cc1Cl,-3.483
CON(C)C(=O)Nc1ccc(Cl)c(Cl)c1,-3.592
CS(=O)(=O)c1ccc(C(O)C(CO)NC(=O)C(Cl)Cl)cc1,-2.154
O=[N+]([O-])c1ccc(O)cc1,-0.74
Nc1ccccc1[N+](=O)[O-],-1.96
Cc1c([N+](=O)[O-])cccc1[N+](=O)[O-],-3.0
Brc1ccc(Br)c(Br)c1,-4.5
Cc1ccc(C(C)C)cc1O,-2.08
Cc1cc(Cl)ccc1N=CN(C)C,-2.86
Nc1ccc([N+](=O)[O-])cc1,-2.37
Clc1ccccc1,-2.38
Brc1ccc(I)cc1,-4.56
CCCCCc1ccccc1,-4.64
Oc1ccc(Cl)c(Cl)c1,-1.25
CCN(CC)c1ccccc1,-3.03
Fc1cccc(F)c1,-2.0
CC(C)(C)Cc1ccccc1,-4.15
Clc1ccccc1I,-3.54
Cc1cccc(C)c1O,-1.29
COP(=S)(OC)Oc1ccc([N+](=O)[O-])cc1Cl,-4.31
CCc1cccc(C)c1N(C(=O)CCl)C(C)COC,-2.73
OCc1ccccc1,-0.4
Oc1ccc(Br)cc1,-1.09
O=[N+]([O-])c1cc([N+](=O)[O-])cc([N+](=O)[O-])c1,-2.89
Brc1ccc(Br)cc1,-4.07
Clc1ccc(Cl)cc1,-3.27
Clc1cc(Cl)cc(Cl)c1,-4.48
O=Cc1ccccc1,-1.19
N=C(N)NS(=O)(=O)c1ccc(N)cc1,-1.99
COC(=O)c1ccc(O)cc1,-1.827
Cc1ccc(O)c(C)c1,-1.19
O=[N+]([O-])c1cccc(Cl)c1,-2.77
FC(F)(F)c1ccccc1,-2.51
CCCCCCOC(=O)c1ccccc1C(=O)OCCCCCC,-6.144
COC(=O)c1ccccc1C(=O)OC,-1.66
Clc1cc(Cl)c(Cl)cc1Cl,-5.56
Nc1ccccc1Cl,-1.52
COc1cccc(Cl)c1,-2.78
O=Cc1ccc(O)cc1,-0.96
Fc1ccccc1Br,-2.7
Oc1ccc(Cl)cc1Cl,-1.55
Cc1ccccc1N,-2.21
C=CCc1ccc(OC)cc1,-2.92
CN(C)C(=O)Nc1cccc(OC(=O)NC(C)(C)C)c1,-2.93
Clc1ccccc1Cl,-3.05
Nc1cccc([N+](=O)[O-])c1,-2.19
Oc1cc(Cl)cc(Cl)c1Cl,-2.67
Nc1ccccc1,-0.41
Brc1cc(Br)cc(Br)c1,-5.6
COP(=S)(OC)Oc1cc(Cl)c(Cl)cc1Cl,-5.72
C=CCc1ccc(O)c(OC)c1,-1.56
O=[N+]([O-])c1c(Cl)c(Cl)c(Cl)c(Cl)c1Cl,-5.82
COC(=O)c1cc(O)c(O)c(O)c1,-1.24
Fc1cccc(Br)c1,-2.67
Clc1ccc(Br)cc1,-3.63
COc1ccccc1[N+](=O)[O-],-1.96
CCC(C)c1cc([N+](=O)[O-])cc([N+](=O)[O-])c1O,-3.38
COc1ccccc1O,-1.96
Oc1ccc(Cl)c(Cl)c1Cl,-2.67
COc1ccccc1,-1.85
CCc1ccc(C)cc1,-3.11
O=[N+]([O-])c1cccc([N+](=O)[O-])c1,-2.29
Nc1ccc(Cl)cc1,-1.66
CC(C)(C)c1ccccc1,-3.66
Brc1ccccc1,-2.55
CCOC(=O)c1ccc(O)cc1,-2.35
COC(=O)c1ccccc1,-1.85
CN(C)C(=O)Nc1ccc(Cl)c(Cl)c1,-3.8
Oc1ccccc1Cl,-1.06
CCOc1ccccc1,-2.33
CCOC(=O)C=Cc1ccccc1,-3.0
Cc1ccc(S(N)(=O)=O)cc1,-1.74
C#CC(C)OC(=O)Nc1cccc(Cl)c1,-2.617
CCOP(=S)(OCC)Oc1ccc(S(C)=O)cc1,-2.3
Cc1ccc(C)c(C)c1,-3.31
Oc1cc(Cl)c(Cl)cc1Cl,-2.21
NNc1ccccc1,0.07
Oc1c(Cl)ccc(Cl)c1Cl,-2.64
Brc1cccc(Br)c1,-3.54
CC(=O)Nc1ccccc1,-1.33
CC(=O)c1ccccc1,-1.28
CCCOC(=O)c1ccc(N)cc1,-2.452
CCOC(=O)c1ccccc1,-2.32
CON(C)C(=O)Nc1ccc(Cl)cc1,-2.57
Cc1ccc(Br)cc1,-3.19
CCCCN(CC)c1c([N+](=O)[O-])cc(C(F)(F)F)cc1[N+](=O)[O-],-5.53
Cc1cc(C)c(O)c(C)c1,-2.05
c1ccccc1,-1.64
Clc1ccc(I)cc1,-4.03
COc1ccc(NC(=O)N(C)C)cc1Cl,-2.564
CC(C)N(C(=O)CCl)c1ccccc1,-2.48
C=Cc1ccccc1,-2.82
Cc1ccccc1C,-2.8
Oc1ccc(O)cc1,-0.17
CCCCCCc1ccc(O)cc1O,-2.59
Oc1c(Cl)cc(Cl)c(Cl)c1Cl,-3.1
Clc1cccc(Cl)c1,-3.04
CSc1ccccc1,-2.39
CCCCC(CC)COC(=O)c1ccccc1C(=O)OCC(CC)CCCC,-6.96
Cc1cc(C)cc(O)c1,-1.4
O=C(Nc1cccc(Cl)c1)OCC#CCCl,-4.37
CC(=O)Nc1ccc(Cl)cc1,-2.843
CNc1ccccc1,-1.28
Cc1cc([N+](=O)[O-])cc([N+](=O)[O-])c1O,-1.456
Oc1cccc(Cl)c1,-0.7
Clc1cccc(Br)c1,-3.21
OCCOc1ccccc1,-0.7
CCc1ccccc1,-2.77
C#CC(C)N(C)C(=O)Nc1ccc(Cl)cc1,-3.9
COc1ccc(C=O)cc1,-1.49
CC(=O)Nc1ccc([N+](=O)[O-])cc1,-2.692
CC(=O)Nc1ccc(O)cc1,-1.03
CCCCOc1ccc(C(=O)OCC)c(N(CC)CC)c1,-3.84
Cc1c(C)c(C)c(C)c(C)c1C,-5.23
Cc1ccc(C(C)C)c(O)c1,-2.22
CCOP(=S)(OCC)Oc1ccc([N+](=O)[O-])cc1,-4.66
CC(C)OC(=O)Nc1cccc(Cl)c1,-3.38
CC(O)c1ccccc1,-0.92
CC(C)CCCCCOC(=O)c1ccccc1C(=O)OCCCCCC(C)C,-6.6370000000000005
Cc1cc(C)cc(C)c1,-3.4
CCCCCCCCOC(=O)c1ccccc1C(=O)OCCCCCCCC,-5.115
O=[N+]([O-])c1ccccc1[N+](=O)[O-],-3.1
Fc1ccc(F)cc1,-1.97
CCCN(CCC)c1c([N+](=O)[O-])cc(C(F)(F)F)cc1[N+](=O)[O-],-5.68
CCNC(=O)C(C)OC(=O)Nc1ccccc1,-1.83
Cc1ccc([N+](=O)[O-])cc1,-2.49
Cc1ccc(O)cc1,-0.73
CN(C)c1ccccc1,-1.92
CNC(=O)Oc1ccccc1C(C)C,-2.863
COc1ccccc1Cl,-2.46
COP(=S)(OC)Oc1cc(Cl)c(Br)cc1Cl,-6.09
Cc1ccc(C(C)C)cc1,-3.77
Oc1c(Cl)cccc1Cl,-1.79
O=C(NC(CO)C(O)c1ccc([N+](=O)[O-])cc1)C(Cl)Cl,-2.111
Brc1ccccc1Br,-3.5
Oc1c(Cl)cc(Cl)cc1Cl,-2.34
CCCN(CCC)c1c([N+](=O)[O-])cc(S(N)(=O)=O)cc1[N+](=O)[O-],-5.16
Cc1ccc(O)cc1C,-1.38
Sc1ccccc1,-2.12
CNC(=O)Oc1cc(C)cc(C)c1,-2.5810000000000004
NC(=O)c1ccccc1,-0.96
Clc1ccccc1Br,-3.19
Oc1cc(Cl)cc(Cl)c1,-1.34
Cc1ccccc1,-2.21
Oc1cc(Cl)c(Cl)c(Cl)c1Cl,-3.15
COc1ccccc1O,-1.96
CCOC(=O)c1ccccc1C(=O)OCC,-2.35
CC(C)Cc1ccccc1,-4.12
Oc1c(Cl)c(Cl)cc(Cl)c1Cl,-3.37
CCCc1ccccc1,-3.37
Cc1cc(C)c(C)cc1C,-4.59
CC(=O)Nc1cc(NS(=O)(=O)C(F)(F)F)c(C)cc1C,-3.24
CNC(=O)Oc1cc(C(C)(C)C)cc(C(C)(C)C)c1,-4.24
CCCCc1ccccc1,-4.06
N#Cc1ccccc1C#N,-2.38
Cc1cccc([N+](=O)[O-])c1,-2.44
COP(=O)(OC)OC(=CCl)c1cc(Cl)c(Cl)cc1Cl,-4.522
Clc1cc(Cl)c(-c2c(Cl)cccc2Cl)c(Cl)c1,-7.32
Clc1ccc(-c2c(Cl)ccc(Cl)c2Cl)c(Cl)c1,-7.43
Clc1cccc(-c2ccccc2)c1,-4.88
Clc1cccc(-c2c(Cl)c(Cl)cc(Cl)c2Cl)c1Cl,-8.6
Clc1cc(Cl)c(Cl)c(-c2c(Cl)c(Cl)cc(Cl)c2Cl)c1Cl,-9.15
Clc1ccccc1-c1ccccc1Cl,-5.27
Clc1cccc(-c2cc(Cl)ccc2Cl)c1,-6.01
Clc1ccc(Cl)c(-c2ccc(Cl)c(Cl)c2)c1,-7.25
Clc1ccccc1-c1ccccc1,-4.54
Clc1ccc(-c2ccccc2Cl)cc1,-5.28
Clc1ccc(-c2ccc(Cl)cc2)cc1,-6.56
Cc1ccc(-c2ccccc2)cc1,-4.62
Clc1cc(-c2cc(Cl)c(Cl)c(Cl)c2Cl)c(Cl)c(Cl)c1Cl,-9.16
Clc1cc(Cl)c(-c2cccc(Cl)c2Cl)cc1Cl,-7.21
Clc1ccc(-c2cccc(Cl)c2Cl)cc1,-6.29
Clc1ccc(-c2ccccc2)cc1Cl,-6.39
Clc1cccc(-c2cccc(Cl)c2Cl)c1Cl,-7.28
Oc1ccc(-c2ccccc2)cc1,-3.48
Clc1ccc(-c2cc(Cl)ccc2Cl)c(Cl)c1,-6.57
Clc1ccc(-c2ccc(Cl)c(Cl)c2Cl)c(Cl)c1,-7.8
Clc1ccc(-c2ccc(Cl)c(Cl)c2Cl)c(Cl)c1Cl,-8.01
Nc1ccc(-c2ccc(N)cc2)cc1,-2.7
Clc1c(Cl)c(Cl)c(-c2ccccc2)c(Cl)c1Cl,-7.92
Clc1c(Cl)c(Cl)c(-c2c(Cl)c(Cl)c(Cl)c(Cl)c2Cl)c(Cl)c1Cl,-11.6
Clc1ccc(-c2c(Cl)c(Cl)c(Cl)c(Cl)c2Cl)c(Cl)c1,-7.92
Clc1ccc(Cl)c(-c2cc(Cl)c(Cl)c(Cl)c2Cl)c1,-7.68
Clc1ccc(Cl)c(-c2cccc(Cl)c2Cl)c1,-6.47
Clc1ccc(Cl)c(-c2c(Cl)c(Cl)cc(Cl)c2Cl)c1,-7.42
Clc1ccc(-c2cc(Cl)c(Cl)c(Cl)c2Cl)cc1Cl,-7.82
c1ccc(-c2ccccc2)cc1,-4.345
Clc1cc(Cl)c(-c2c(Cl)cc(Cl)cc2Cl)c(Cl)c1,-8.71
Clc1ccc(Cl)c(-c2c(Cl)c(Cl)c(Cl)c(Cl)c2Cl)c1,-8.94
Clc1ccc(-c2cc(Cl)ccc2Cl)cc1,-6.25
Clc1ccc(-c2cc(Cl)c(Cl)c(Cl)c2Cl)c(Cl)c1,-7.39
Clc1cccc(Cl)c1-c1ccccc1,-5.21
Clc1ccc(-c2c(Cl)cccc2Cl)cc1,-6.14
Clc1cccc(Cl)c1-c1c(Cl)cccc1Cl,-7.39
Clc1cc(Cl)c(-c2cc(Cl)c(Cl)cc2Cl)cc1Cl,-8.56
Clc1ccc(-c2c(Cl)cc(Cl)c(Cl)c2Cl)c(Cl)c1Cl,-7.66
Clc1ccc2ccccc2c1,-4.14
Cc1ccc(C)c2ccccc12,-4.14
Cc1cc(C)c2ccccc2c1,-4.29
CCc1cccc2ccccc12,-4.17
Brc1cccc2ccccc12,-4.35
Nc1cccc2ccccc12,-1.92
Oc1ccc2ccccc2c1,-2.28
Brc1ccc2ccccc2c1,-4.4
c1ccc2ccccc2c1,-3.6
Ic1cccc2ccccc12,-4.55
Cc1ccc2ccccc2c1,-3.77
Clc1cccc2ccccc12,-3.93
Brc1ccc2ccccc2c1,-4.4
CCc1ccc2ccccc2c1,-4.29
Cc1cccc2ccccc12,-3.7
CCN(CC)C(=O)C(C)Oc1cccc2ccccc12,-3.57
Cc1ccc2cc(C)ccc2c1,-4.89
Cc1cccc2c(C)cccc12,-4.678999999999999
Oc1cccc2ccccc12,-2.22
Cc1cc2ccccc2cc1C,-4.72
O=[N+]([O-])c1cccc2ccccc12,-3.54
CNC(=O)Oc1cccc2ccccc12,-3.224
CCCCC1(CC)C(=O)NC(=O)NC1=O,-1.661
CCC1(CCC(C)C)C(=O)NC(=O)NC1=O,-2.468
CCC(C)C1(CC)C(=O)NC(=O)NC1=O,-2.39
C=CCC1(C)C(=O)NC(=O)NC1=O,-1.16
C=CCC1(C(C)CC)C(=O)NC(=O)NC1=O,-2.016
CC(C)C1(C(C)C)C(=O)NC(=O)NC1=O,-2.766
CCC1(CC)C(=O)NC(=O)NC1=O,-2.4
CCC1(CC)C(=O)NC(=O)N(C)C1=O,-2.23
C=CCC1(C(C)CCC)C(=O)NC(=O)NC1=O,-2.356
CCCC(C)C1(CC)C(=O)NC(=O)NC1=O,-2.39
C=CCC1(C(C)C)C(=O)NC(=O)NC1=O,-1.7080000000000002
C=CCC1(CC)C(=O)NC(=O)NC1=O,-1.614
CCC1(C(C)C)C(=O)NC(=O)NC1=O,-2.21
C=CCC1(CC=C)C(=O)NC(=O)NC1=O,-2.077
CCC1(CCC(C)C)C(=O)NC(=O)NC1=O,-2.658
CCC1(C(C)C)C(=O)NC(=O)NC1=O,-2.148
CCC1(C)C(=O)NC(=O)NC1=O,-1.228
CCC1(CC=C(C)C)C(=O)NC(=O)NC1=O,-2.253
C=C(Br)CC1(C(C)CC)C(=O)NC(=O)NC1=O,-2.647
CC1(C)C(=O)NC(=O)NC1=O,-1.742
CC(C)=CCC1(C(C)C)C(=O)NC(=O)NC1=O,-2.593
CC12CCC(=O)C=C1CCC1C2CCC2(C)C(C(=O)CO)CCC12,-3.45
CC12CCC(=O)C=C1CCC1C3CCC(O)(C(=O)CO)C3(C)CC(O)C12F,-3.43
C#CC1(O)CCC2C3CCC4=CC(=O)CCC4(C)C3CCC21C,-5.66
CC12CCC(=O)C=C1CCC1C2CCC2(C)C1CCC2(C)O,-3.999
CC12CCC(=O)C=C1CCC1C2C(O)CC2(C)C1CCC2(O)C(=O)CO,-3.09
CC(=O)OCC(=O)C1CCC2C3CCC4=CC(=O)CCC4(C)C3CCC12C,-4.63
CC(=O)C1CCC2C3CCC4=CC(=O)CCC4(C)C3CCC12C,-4.42
CC(=O)OC1CCC2C3CCC4=CC(=O)CCC4(C)C3CCC12C,-5.184
CC(=O)C1(O)CCC2C3CCC4=CC(=O)CCC4(C)C3CCC21C,-3.817
CC12CCC(=O)C=C1CCC1C2C(O)CC2(C=O)C(C(=O)CO)CCC12,-3.85
CCC(=O)OC1CCC2C3CCC4=CC(=O)CCC4(C)C3CCC12C,-5.37
CC12CCC(=O)C=C1CCC1C2CCC2(C)C(O)CCC12,-4.02
CC(=O)OCC(=O)C1(O)CCC2C3CCC4=CC(=O)CCC4(C)C3C(O)CC21C,-4.88
CC(=O)OC1(C)CCC2C3CCC4=CC(=O)CCC4(C)C3CCC21C,-5.284
CC12CCC(=O)C=C1CCC1C2C(O)CC2(C)C(C(=O)CO)CCC12,-3.24
C#CC1(O)CCC2C3CCC4=CC(=O)CCC4(O)C3CCC21C,-4.57
C#CC1(OC(C)=O)CCC2C3CCC4=CC(=O)CCC4C3CCC21C,-4.8
CCNc1nc(Cl)nc(N(CC)CC)n1,-4.06
CCNc1nc(Cl)nc(NC(C)C)n1,-3.85
CCN(CC)c1nc(Cl)nc(NC(C)C)n1,-3.785
COc1nc(NC(C)C)nc(NC(C)C)n1,-2.478
CCN(CC)c1nc(Cl)nc(N(CC)CC)n1,-4.4110000000000005
CCNc1nc(NC(C)C)nc(SC)n1,-3.04
CCNc1nc(NC(C)(C)C)nc(SC)n1,-4.0
CCNc1nc(NC(C)C)nc(OC)n1,-2.084
CCNc1nc(Cl)nc(NCC)n1,-4.55
CSc1nc(N(C)C)nc(N(C)C)n1,-2.676
COCCCNc1nc(NC(C)C)nc(SC)n1,-2.928
CCNc1nc(Cl)nc(NC(C)(C)C#N)n1,-3.15
CN(C)c1nc(N(C)C)nc(N(C)C)n1,-3.364
CC(C)Nc1nc(Cl)nc(NC(C)C)n1,-4.43
CSc1nc(NC(C)C)nc(NC(C)C)n1,-4.1
CCNc1nc(NC(C)(C)C)nc(OC)n1,-3.239
c1ccncc1,0.76
Cc1ccncc1C,0.36
Cc1cccc(C)n1,0.45
Cc1cccnc1C,0.38
Oc1ccccn1,1.02
Cc1ccnc(C)c1,0.38
CCOP(=S)(OCC)Oc1nc(Cl)c(Cl)cc1Cl,-5.67
NNC(=O)c1ccncc1,0.009
COC(=O)c1cccnc1,-0.46
CCc1ccccn1,0.51
Cc1cncc(C)c1,0.38
NC(=O)c1cccnc1,0.61
Clc1cccc(C(Cl)(Cl)Cl)n1,-3.76
Oc1ccncc1,1.02
COc1ccc(C(c2ccc(OC)cc2)C(Cl)(Cl)Cl)cc1,-6.89
Clc1ccc(C(c2ccc(Cl)cc2)C(Cl)Cl)cc1,-7.2
OC(c1ccccc1)c1ccccc1,-2.55
OC(c1ccc(Cl)cc1)(c1ccc(Cl)cc1)C(Cl)(Cl)Cl,-5.666
Clc1ccc(C(c2ccccc2Cl)C(Cl)Cl)cc1,-6.51
CC(C)OC(=O)C(O)(c1ccc(Cl)cc1)c1cccc(Cl)c1,-4.53
CN(C)C(=O)C(c1ccccc1)c1ccccc1,-2.98
Clc1ccc(C(c2ccc(Cl)cc2)C(Cl)(Cl)Cl)cc1,-7.15
c1ccc(Cc2ccccc2)cc1,-4.08
CC(C)OC(=O)C(O)(c1ccc(Br)cc1)c1ccc(Br)cc1,-4.93
Clc1ccc(C(c2ccc(Cl)cc2)C(Cl)Cl)cc1,-7.2
Oc1ccc(Cl)cc1Cc1cc(Cl)ccc1O,-3.953
CC1CCC(C(C)C)C(O)C1,-2.53
OC1CCCCC1,-0.44
CCSC(=O)N(CC)C1CCCCC1,-3.4
ClC1C(Cl)C(Cl)C(Cl)C(Cl)C1Cl,-4.64
CC1CCC(C)CC1,-4.47
C1CCCCC1,-3.1
CC1CCCCC1,-3.85
CC1CCCCC1C,-4.3
CCC1CCCCC1,-4.25
OC1C(O)C(O)C(O)C(O)C1O,0.35
Cc1ncnc2nccnc12,-0.466
Oc1ncc2nccnc2n1,-1.947
COc1cnc2ncncc2n1,-1.139
COc1ncnc2nccnc12,-1.11
COc1ncc2nccnc2n1,-1.11
Cc1ncc2nccnc2n1,-0.12
Cc1cnc2cncnc2n1,-0.8540000000000001
COc1cnc2cncnc2n1,-0.91
c1cnc2ncncc2n1,0.02
CC12C=CC(=O)C=C1CCC1C3CC(O)C(O)(C(=O)CO)C3(C)CC(O)C12F,-3.68
CC(=O)OCC(=O)C1(O)C(OC(C)=O)CC2C3CCC4=CC(=O)C=CC4(C)C3(F)C(O)CC21C,-4.13
CC12C=CC(=O)C=C1CCC1C2C(O)CC2(C)C1CCC2(O)C(=O)CO,-3.18
CC1CC2C3CCC4=CC(=O)C=CC4(C)C3(F)C(O)CC2(C)C1(O)C(=O)CO,-3.59
CC(=O)OCC(=O)C1(O)CCC2C3CCC4=CC(=O)C=CC4(C)C3C(O)CC21C,-4.37
CCCCC(=O)OC1(C(=O)CO)C(C)CC2C3CCC4=CC(=O)C=CC4(C)C3(F)C(O)CC21C,-4.71
CC1CC2C3CC(F)C4=CC(=O)C=CC4(C)C3(F)C(O)CC2(C)C1(O)C(=O)CO,-5.613
CC(=O)OCC(=O)C1(O)C(C)CC2C3CCC4=CC(=O)C=CC4(C)C3(F)C(O)CC21C,-4.9
CC(=O)C1(O)CCC2C3CC(C)C4=CC(=O)C=CC4(C)C3(F)C(O)CC21C,-4.099
CCCCCC(=O)OCN1C(=O)NC(c2ccccc2)(c2ccccc2)C1=O,-5.886
CCCCCCCC(=O)OCN1C(=O)NC(c2ccccc2)(c2ccccc2)C1=O,-6.523
CCCCCCC(=O)OCN1C(=O)NC(c2ccccc2)(c2ccccc2)C1=O,-6.301
O=C1NC(=O)C(c2ccccc2)(c2ccccc2)N1,-4.097
CCCCC(=O)OCN1C(=O)NC(c2ccccc2)(c2ccccc2)C1=O,-4.678
CC(=O)OCN1C(=O)NC(c2ccccc2)(c2ccccc2)C1=O,-4.47
CCC(=O)OCN1C(=O)NC(c2ccccc2)(c2ccccc2)C1=O,-4.907
CCCC(=O)OCN1C(=O)NC(c2ccccc2)(c2ccccc2)C1=O,-5.071000000000001
CC1(C)C(C=C(Cl)Cl)C1C(=O)OC(C#N)c1ccc(F)c(Oc2ccccc2)c1,-7.337000000000001
CC1(C)C(C=C(Br)Br)C1C(=O)OC(C#N)c1cccc(Oc2ccccc2)c1,-8.402000000000001
CC1(C)C(C=C(Cl)Cl)C1C(=O)OC(C#N)c1cccc(Oc2ccccc2)c1,-8.017000000000001
CC1(C)C(C=C(Cl)Cl)C1C(=O)OCc1cccc(Oc2ccccc2)c1,-6.291
CC1(C)C(C=C(Cl)C(F)(F)F)C1C(=O)OC(C#N)c1cccc(Oc2ccccc2)c1,-8.176
CC1(C)C(C(=O)OC(C#N)c2cccc(Oc3ccccc3)c2)C1(C)C,-6.025
CC(C)=CC1C(C(=O)OCc2cccc(Oc3ccccc3)c2)C1(C)C,-5.24
CCC(C)n1c(=O)[nH]c(C)c(Br)c1=O,-2.523
Cc1c[nH]c(=O)[nH]c1=O,-1.506
O=c1[nH]cc(F)c(=O)[nH]1,-1.077
O=c1cc[nH]c(=O)[nH]1,-1.4880000000000002
CSCS(=O)CC(CO)NC(=O)C=Cc1c(C)[nH]c(=O)[nH]c1=O,-1.981
Cn1ccc(=O)[nH]c1=O,-0.807
Cc1[nH]c(=O)n(C(C)(C)C)c(=O)c1Cl,-2.484
O=C1Nc2ccc(Cl)cc2C(c2ccccc2)=NC1O,-3.952
CN1C(=O)CN=C(c2ccccc2)c2cc([N+](=O)[O-])ccc21,-3.796
O=C1CN=C(c2ccccc2)c2cc([N+](=O)[O-])ccc2N1,-3.796
O=C1CN=C(c2ccccc2Cl)c2cc([N+](=O)[O-])ccc2N1,-3.499
CN1C(=O)CN=C(c2ccccc2)c2cc(Cl)ccc21,-3.754
O=C1Nc2ccc(Cl)cc2C(c2ccccc2Cl)=NC1O,-3.604
CCN1c2ncccc2C(=O)N(C)c2cccnc21,-2.62
CCN1C(=O)c2cccnc2N(CC)c2ncccc21,-2.86
CCN1c2ncccc2C(=O)Nc2c(C(F)(F)F)cc(C)nc21,-4.207
CCN1c2nc(N(C)CCO)ccc2NC(=O)c2cccnc21,-3.36
CCN1c2ncccc2C(=O)N(C)c2ccc(Cl)nc21,-4.114
CCN1c2ncccc2C(=O)Nc2c(C)cc(C)nc21,-4.553999999999999
Nc1ccc2cc3ccccc3cc2c1,-5.17
Cc1c2ccccc2c(C)c2ccccc12,-6.57
Oc1c2ccccc2cc2ccccc12,-4.73
Cc1ccc2cc3ccccc3cc2c1,-6.96
Cc1c2ccccc2cc2ccccc12,-5.89
c1ccc2cc3ccccc3cc2c1,-6.35
O=[N+]([O-])c1ccc(Oc2ccc(Cl)cc2Cl)cc1,-5.46
CCOC(=O)NCCOc1ccc(Oc2ccccc2)cc1,-4.7
COc1ccc(Oc2ccc(NC(=O)N(C)C)cc2)cc1,-4.16
Oc1cc(Cl)ccc1Oc1ccc(Cl)cc1Cl,-4.46
CN(C)C(=O)Nc1ccc(Oc2ccc(Cl)cc2)cc1,-4.89
c1ccc(Oc2ccccc2)cc1,-3.96
c1ccc2c(c1)ccc1c3ccccc3ccc21,-8.057
Cc1cc2c3ccccc3ccc2c2ccccc12,-6.57
Nc1cc2c3ccccc3ccc2c2ccccc12,-6.2
Cc1cc2ccccc2c2ccc3ccccc3c12,-6.59
Cc1c(C)c2c3ccccc3ccc2c2ccccc12,-7.01
Cc1ccc2ccc(C)nc2c1,-1.94
Oc1ccc2ncccc2c1,-2.16
Oc1cccc2ncccc12,-2.54
Oc1cccc2cccnc12,-2.42
c1ccc2ncccc2c1,-1.3
CCOP(=S)(OCC)Oc1cc(C)nc(C(C)C)n1,-3.64
CCCCc1c(C)nc(N(C)C)nc1O,-2.24
c1cncnc1,1.1
Cc1nc(N(C)C)nc(OC(=O)N(C)C)c1C,-1.95
CCCCc1c(C)nc(NCC)nc1OS(=O)(=O)N(C)C,-4.16
CCCC1CCCC1,-4.74
C1CCCC1,-2.64
CCCCCC1CCCC1,-6.08
CC1CCCC1,-3.3
CCOP(=S)(OCC)SC(CCl)N1C(=O)c2ccccc2C1=O,-6.34
CCOP(=S)(OCC)SC(CCl)N1C(=O)c2ccccc2C1=O,-6.34
O=C1NC(=O)c2ccccc21,-2.61
CCOP(=S)(OCC)N1C(=O)c2ccccc2C1=O,-3.35
O=C(Nc1ccc([N+](=O)[O-])cc1Cl)c1cc(Cl)ccc1O,-4.7
O=C(Nc1ccccc1)c1ccccc1I,-4.21
Cc1cccc(C)c1NC(=O)c1cc(S(N)(=O)=O)c(Cl)cc1O,-3.79
O=C(Nc1ccccc1)c1ccccc1O,-3.59
CCN1c2cc(Cl)ccc2NC(=O)c2cccnc21,-5.36
CCN1c2cc(OC)cc(C)c2NC(=O)c2cccnc21,-5.153
CCN1c2ccccc2N(C)C(=O)c2cccnc21,-3.324
CCN1c2cc(N(C)C)cc(C)c2NC(=O)c2cccnc21,-4.871
Cn1c(=O)c2[nH]cnc2n(C)c1=O,-1.39
Cn1cnc2c1c(=O)[nH]c(=O)n2C,-2.523
Cn1c(=O)c2c(ncn2CC(O)CO)n(C)c1=O,-0.17
Cn1c(=O)c2c(ncn2C)n(C)c1=O,-0.8759999999999999
OC1C=CC2C1C1(Cl)C(Cl)=C(Cl)C2(Cl)C1(Cl)Cl,-5.46
ClC1=C(Cl)C2(Cl)C3CC=CC3C1(Cl)C2(Cl)Cl,-5.64
ClC1=C(Cl)C2(Cl)C3C(Cl)C=CC3C1(Cl)C2(Cl)Cl,-6.317
Cc1c[nH]c(=O)nc1N,-1.4580000000000002
Nc1cc[nH]c(=O)n1,-1.155
Nc1nc(=O)[nH]cc1F,-0.972
Cc1c(N)c(=O)n(-c2ccccc2)n1C,-0.624
Cc1cc(=O)n(-c2ccccc2)n1C,0.715
Cc1c(N(C)C)c(=O)n(-c2ccccc2)n1C,-0.364
O=[N+]([O-])c1ccc(C=NO)o1,-2.19
O=Cc1ccco1,-0.1
c1ccoc1,-0.82
CCCCC1C(=O)N(c2ccccc2)N(c2ccccc2)C1=O,-3.81
CC(=O)CCC1C(=O)N(c2ccccc2)N(c2ccccc2)C1=O,-3.27
CCCCC1C(=O)N(c2ccccc2)N(c2ccc(O)cc2)C1=O,-3.73
C1CCOC1,0.49
CC1CCCO1,0.11
OCC1OC(O)(CO)C(O)C1O,0.64
CCOC1Oc2ccc(OS(C)(=O)=O)cc2C1(C)C,-3.42
CNC(=O)Oc1cccc2c1OC(C)(C)C2,-2.8
CCOC(=O)CCN(SN(C)C(=O)Oc1cccc2c1OC(C)(C)C2)C(C)C,-4.71
OC1CCCCCCC1,-1.29
C1CCCCCCC1,-4.15
CN(C)C(=O)NC1CCCCCCC1,-2.218
Cc1ccc2c(ccc3ccccc32)c1,-5.84
c1ccc2c(c1)ccc1ccccc12,-5.26
Cc1cccc2c1ccc1ccccc12,-5.85
c1ccc(CCc2ccccc2)cc1,-4.62
CCC(c1ccc(O)cc1)C(CC)c1ccc(O)cc1,-4.43
OC(c1ccccc1)C(O)c1ccccc1,-1.93
CC1=CC(=O)CC(C)(C)C1,-1.06
C=C(C)C1CC=C(C)C(=O)C1,-2.06
CN(C)C(=O)OC1=CC(=O)CC(C)(C)C1,-0.85
C=C(C)C1CC=C(C)CC1,-4.26
C1=CCCCC1,-2.59
CC1=CCCCC1,-3.27
OC1COC(O)C(O)C1O,0.39
OCC1OC(O)C(O)C(O)C1O,0.74
C1CCOCC1,-0.03
C=CCC1(c2ccccc2)C(=O)NC(=O)NC1=O,-2.369
CCC1(c2ccccc2)C(=O)NC(=O)NC1=O,-2.322
CCC1(c2ccccc2)C(=O)NC(=O)NC1=O,-2.322
Nc1cnn(-c2ccccc2)c(=O)c1Br,-3.127
CNc1cnn(-c2cccc(C(F)(F)F)c2)c(=O)c1Cl,-4.046
Nc1cnn(-c2ccccc2)c(=O)c1Cl,-2.878
CC12CCC3c4ccc(O)cc4CCC3C1CCC2O,-5.03
C#CC1(O)CCC2C3CCc4cc(O)ccc4C3CCC21C,-4.3
CC12CCC3c4ccc(O)cc4CCC3C1CC(O)C2O,-4.955
c1ccc2scnc2c1,-1.5
CCOc1ccc2nc(S(N)(=O)=O)sc2c1,-3.81
Sc1nc2ccccc2s1,-3.18
COc1ccc2ccc(=O)oc2c1CC=C(C)C,-4.314
CCOP(=S)(OCC)Oc1ccc2oc(=O)c(Cl)c(C)c2c1,-5.382000000000001
CCN1C(=O)c2ccccc2Oc2ccccc21,-3.68
Cc1ccc2c(c1)C(=O)N(C)c1cc(N)ccc1O2,-3.928
c1cc2c3c(c4ccc5ccccc5c4cc3c1)CC2,-7.85
Cc1ccc2c(ccc3c4c5c(cccc5cc32)CC4)c1,-7.92
Cc1ncc([N+](=O)[O-])n1CCO,-1.22
Cc1ncc([N+](=O)[O-])n1CCO,-1.26
NS(=O)(=O)c1cc2c(cc1Cl)NCNS2(=O)=O,-2.63
NS(=O)(=O)c1cc2c(cc1Cl)NC(C(Cl)Cl)NS2(=O)=O,-2.68
CC1=CC(=O)c2ccccc2C1=O,-3.03
O=C(CC(Cl)Cl)NC1=C(Cl)C(=O)c2ccccc2C1=O,-5.03
CCCCc1c(C)nc(NCC)[nH]c1=O,-3.028
O=c1ccnc(S)[nH]1,-2.273
CC(=O)CC(c1ccccc1)c1c(O)c2ccccc2oc1=O,-3.893
CC(=O)CC(c1ccc(Cl)cc1)c1c(O)c2ccccc2oc1=O,-5.839
CC1OC(OC2C(O)CC(OC3C(O)CC(OC4CCC5(C)C(CCC6C5CC(O)C5(C)C(C7=CC(=O)OC7)CCC65O)C4)OC3C)OC2C)CC(O)C1O,-4.081
CC1OC(OC2C(O)CC(OC3C(O)CC(OC4CCC5(C)C(CCC6C5CCC5(C)C(C7=CC(=O)OC7)CCC65O)C4)OC3C)OC2C)CC(O)C1O,-5.292999999999999
Cc1c[nH]c2ccccc12,-2.42
c1ccc2[nH]ccc2c1,-1.52
CCOP(=S)(OCC)SCn1c(=O)oc2cc(Cl)ccc21,-5.233
O=c1[nH]c2cc(Cl)ccc2o1,-2.8310000000000004
NC(=O)NC1NC(=O)NC1=O,-1.6
O=C1CNC(=O)N1,-0.4
CC12CCC(=O)C=C1CCC1C2C(=O)CC2(C)C1CCC2(O)C(=O)CO,-3.11
CC(=O)OCC(=O)C1(O)CCC2C3CCC4=CC(=O)CCC4(C)C3C(=O)CC21C,-4.21
c1ccc2nc3ccccc3cc2c1,-3.67
Nc1cccc2nc3ccccc3cc12,-4.22
C1CCCCCC1,-3.51
OC1CCCCCC1,-0.88
